setlist,index,title,artist,album,nod_trim,length_s,year,genre,difficulty
main,0,"Slow Ride","Foghat","Fool for the City",,251,1975,"Classic Rock","1"
main,1,"Talk Dirty to Me","Poison","Look What the Cat Dragged In",,224,1987,"Glam Metal","1"
main,2,"Hit Me with Your Best Shot","Pat Benatar","Crimes of Passion",,172,1980,"Rock","1"
main,3,"Story of My Life","Social Distortion","Social Distortion",,350,1990,"Punk Rock","1"
main,4,"Rock and Roll All Nite","Kiss","Alive!",,217,1975,"Hard Rock","1"
main,5,"Sabotage","Beastie Boys","Ill Communication",,174,1994,"Rap Rock","1"
main,6,"Mississippi Queen","Mountain","Climbing!",,151,1970,"Hard Rock","2"
main,7,"School's Out","Alice Cooper","School's Out",,204,1972,"Hard Rock","2"
main,8,"Sunshine of Your Love","Cream","Disraeli Gears",,261,1968,"Rock","2"
main,9,"Barracuda","Heart","Little Queen",,263,1977,"Hard Rock","2"
main,10,"Bulls on Parade","Rage Against the Machine","Evil Empire",,231,1996,"Alternative Metal","2"
main,11,"Reptilia","The Strokes","Room on Fire",,218,2003,"Indie Rock","2"
main,12,"When You Were Young","The Killers","Sam's Town",,219,2006,"New Wave Rock","3"
main,13,"Miss Murder","AFI","DECEMBERUNDERGROUND",,204,2006,"Alternative Rock","3"
main,14,"The Seeker","The Who","Meaty Beaty Big and Bouncy",,208,1971,"Rock","3"
main,15,"Lay Down","Priestess","Hello Master",,187,2006,"Heavy Metal","3"
main,16,"Paint It Black","The Rolling Stones","Aftermath",,229,1966,"Classic Rock","3"
main,17,"Suck My Kiss","Red Hot Chili Peppers","Blood Sugar Sex Magik",,214,1991,"Funk Rock","3"
main,18,"Paranoid","Black Sabbath","Paranoid",,167,1970,"Heavy Metal","4"
main,19,"Anarchy in the U.K.","Sex Pistols","Never Mind the Bollocks, Here's the Sex Pistols",,217,1976,"Punk Rock","4"
main,20,"Kool Thing","Sonic Youth","Goo",,246,1990,"Experimental Rock","4"
main,21,"My Name Is Jonas","Weezer","Weezer",,204,1994,"Alternative Rock","4"
main,22,"Even Flow","Pearl Jam","Ten",,294,1991,"Grunge","4"
main,23,"Cities On Flame with Rock & Roll","Blue Öyster Cult","Blue Öyster Cult",,244,1972,"Hard Rock","4"
main,24,"Holiday in Cambodia","Dead Kennedys","Fresh Fruit for Rotting Vegetables",,281,1980,"Punk Rock","5"
main,25,"Rock You Like a Hurricane","Scorpions","Love at First Sting",,252,1984,"Hard Rock","5"
main,26,"Same Old Song and Dance","Aerosmith","Get Your Wings",,182,1974,"Hard Rock","5"
main,27,"La Grange","ZZ Top","Tres Hombres",,223,1973,"Blues Rock","5"
main,28,"Welcome to the Jungle","Guns N' Roses","Appetite for Destruction",,271,1987,"Hard Rock","5"
main,29,"Helicopter","Bloc Party","Silent Alarm",,221,2005,"Indie Rock","5"
main,30,"Black Magic Woman","Santana","Abraxas",,315,1970,"Latin Rock","6"
main,31,"Cherub Rock","The Smashing Pumpkins","Siamese Dream",,295,1993,"Alternative Rock","6"
main,32,"Black Sunshine","White Zombie","La Sexorcisto: Devil Music Volume One",,250,1992,"Industrial Metal","6"
main,33,"The Metal","Tenacious D","The Pick of Destiny",,161,2006,"Comedy Metal","6"
main,34,"Pride and Joy","Stevie Ray Vaughan","Texas Flood",,223,1983,"Blues Rock","6"
main,35,"Monsters","Matchbook Romance","West for Wishing",,245,2006,"Alternative Rock","6"
main,36,"Before I Forget","Slipknot","Vol. 3: The Subliminal Verses",,264,2004,"Nu Metal","7"
main,37,"Stricken","Disturbed","Ten Thousand Fists",,243,2005,"Nu Metal","7"
main,38,"3's & 7's","Queens of the Stone Age","Era Vulgaris",,216,2007,"Stoner Rock","7"
main,39,"Knights of Cydonia","Muse","Black Holes and Revelations",,340,2006,"Progressive Rock","7"
main,40,"Cult of Personality","Living Colour","Vivid",,280,1988,"Funk Metal","7"
main,41,"Raining Blood","Slayer","Reign in Blood",,216,1986,"Thrash Metal","8"
main,42,"Cliffs of Dover","Eric Johnson","Ah Via Musicom",,251,1990,"Instrumental Rock","8"
main,43,"The Number of the Beast","Iron Maiden","The Number of the Beast",,267,1982,"Heavy Metal","8"
main,44,"One","Metallica","...And Justice for All",,426,1988,"Thrash Metal","8"
bonus,0,"Avalancha","Héroes del Silencio","Avalancha",,355,1995,"Spanish Rock","bonus"
bonus,1,"In the Belly of a Shark","Gallows","Orchestra of Wolves",,161,2006,"Hardcore Punk","bonus"
bonus,2,"Can't Be Saved","Senses Fail","Still Searching",,189,2006,"Post-Hardcore","bonus"
bonus,3,"Closer","Lacuna Coil","Karmacode",,187,2006,"Symphonic Metal","bonus"
bonus,4,"Don't Hold Back","The Sleeping","Questions and Answers",,270,2006,"Alternative Rock","bonus"
bonus,5,"Down 'n Dirty","L.A. Slum Lords","",,322,2007,"Hard Rock","bonus"
bonus,6,"F.C.P.R.E.M.I.X.","The Fall of Troy","Doppelgänger",,239,2006,"Post-Hardcore","bonus"
bonus,7,"Generation Rock","Revolverheld","Revolverheld",,163,2005,"German Rock","bonus"
bonus,8,"Go That Far","Bret Michaels","Rock My World",,172,2006,"Hard Rock","bonus"
bonus,9,"Hier kommt Alex","Die Toten Hosen","Ein kleines bißchen Horrorschau",,239,1988,"German Punk","bonus"
bonus,10,"I'm in the Band","The Hellacopters","Rock & Roll Is Dead",,192,2006,"Garage Rock","bonus"
bonus,11,"Impulse","An Endless Sporadic","Ameliorate",,252,2007,"Experimental Rock","bonus"
bonus,12,"In Love","Scouts of St. Sebastian","",,236,2006,"Alternative Rock","bonus"
bonus,13,"Mauvais Garçon","Naast","Antichambre",,161,2007,"Alternative Rock","bonus"
bonus,14,"Metal Heavy Lady","Lions","Volume One",,145,2007,"Hard Rock","bonus"
bonus,15,"Minus Celsius","Backyard Babies","Stockholm Syndrome",,217,2003,"Glam Punk","bonus"
bonus,16,"My Curse","Killswitch Engage","As Daylight Dies",,250,2006,"Metalcore","bonus"
bonus,17,"Nothing for Me Here","Dope","No Regrets",,173,2007,"Industrial Metal","bonus"
bonus,18,"Prayer of the Refugee","Rise Against","The Sufferer & the Witness",,209,2006,"Punk Rock","bonus"
bonus,19,"Radio Song","Superbus","Pop'n'gum",,137,2004,"Pop Rock","bonus"
bonus,20,"Ruby","Kaiser Chiefs","Yours Truly, Angry Mob",,200,2007,"Indie Rock","bonus"
bonus,21,"She Bangs the Drums","The Stone Roses","The Stone Roses",,233,1989,"Indie Rock","bonus"
bonus,22,"Take This Life","In Flames","Come Clarity",,216,2006,"Melodic Death Metal","bonus"
bonus,23,"The Way It Ends","Prototype","Continuum",,323,2006,"Alternative Rock","bonus"
bonus,24,"Through the Fire and Flames","DragonForce","Inhuman Rampage",,440,2006,"Speed Metal","bonus"
